Carlos;Perez;123456;3152305263;Calle 1 # 1-1;Bogotá D.C;Carlos.perez@yopmail.com
Fabio;Gomez;675826;3015946852;Calle 2 # 2-2;Cucuta;fabgom23@yopmail.com
Mateo;Rodriguez;228196;2879588441;Calle 3 # 3-3;Medellin ;matrodr45@yopmail.com
Daniel;Garcia;780566;2743230030;Calle 1 # 1-2;Cali;danigarc89@yopmail.com
Pablo;Lopez;332936;2606871619;Calle 2 # 2-3;Pasto;pablogom345@yopmail.com
Alvaro;Hernandez;885306;2470513208;Calle 3 # 3-4;Armenia;alvarher45@yopmail.com
David;Perez;437676;2334154797;Calle 1 # 1-3;Bucaramanga;davidper335@yopmail.com
Diego;Moreno;990046;2197796386;Calle 2 # 2-4;Cartagena;diegmore45@yopmail.com
Javier;Ortiz ;542416;2061437975;Calle 3 # 3-5;Barranquilla;javie0r56@yopmail.com
Mario;Castro;494786;1925079564;Calle 1 # 1-4;Soledad;macastr57@yopmail.com
Sergio;Alvarez ;647156;1788721153;Calle 2 # 2-5;Pereira;sergalvar@yopmail.com
Marcos;Ruiz;199526;1652362742;Calle 3 # 3-6;Manizales;marcosruiz@yopmail.com
Manuel;Herrera;751896;1516004331;Calle 1 # 1-5;Neiva;manuelherr67@yopmail.com
Jorge;Quintero;304266;1379645920;Calle 2 # 2-6;Valledupar;jorgequinte345@yopmail.com
Miguel;Giraldo ;856636;1243287509;Calle 3 # 3-7;Ibague;miguelgiral@yopmail.com
Lucas;Arias;409006;1106929098;Calle 1 # 1-6;Palmira;lucaria67@yopmail.com
Gabriel;Marin;961376;970570687;Calle 2 # 2-7;Itagui;gabrielmar78@yopmail.com
Erick;Mejia ;513746;834212276;Calle 3 # 3-8;Tunja;sergalvar@yopmail.com
Sasha;Osorio;466116;697853865;Calle 1 # 1-7;Riohacha;sashaoso676@yopmail.com
Andrea;Cardona;618486;561495454;Calle 2 # 2-8;Ipiales;andrtecard67@yopmail.com
Alonzo;Zapata ;170856;425137043;Calle 3 # 3-9;Sogamoso;alonzapta6776@yopmail.com
Giovanni;Guerrero;723226;288778632;Calle 1 # 1-8;Duitama;giovaguerr6565@yopmail.com
Luciano;Mendoza;275596;152420221;Calle 2 # 2-9;Girardot;luciamendo67@yopmail.com
Marcela;Ramos;827966;16061810;Calle 3 # 3-10;Pitalito;marceramo35@yopmail.com
Maria;Correa ;380336;420296601;Calle 1 # 1-9;Buenaventura;mariacorre565@yopmail.com
Mariana;Vasquez;932706;256655012;Calle 2 # 2-10;Cartago;marianavazqu565@yopmail.com
Marlon;Cortes;485076;93013423;Calle 3 # 3-11;Malambo;marloncortes6767@yopmail.com
Mateo;Molina;437446;29371834;Calle 1 # 1-10;Rionegro;mateomolina6746@yopmail.com
Monica;Mora;589816;665730245;Calle 2 # 2-11;Bogotá D.C;monicamora454@yopmail.com
Pedro;Silva ;142186;802088656;Calle 3 # 3-12;Cucuta;pedrosilva676@yopmail.com
